1774891268,2026-03-30 20:21:08,1167503795,l_nikeshin
1774944937,2026-03-31 11:15:37,1167503795,l_nikeshin
1774945936,2026-03-31 11:32:16,1167503795,l_nikeshin
1774952538,2026-03-31 13:22:18,1167503795,l_nikeshin
1774959445,2026-03-31 15:17:25,1167503795,l_nikeshin
1774959519,2026-03-31 15:18:39,8440882971,Ilnikeshin
1774961239,2026-03-31 15:47:19,1167503795,l_nikeshin
1774961794,2026-03-31 15:56:34,1167503795,l_nikeshin
1774961822,2026-03-31 15:57:02,8440882971,Ilnikeshin
1774965817,2026-03-31 17:03:37,1167503795,l_nikeshin
1774966125,2026-03-31 17:08:45,1167503795,l_nikeshin
1774971474,2026-03-31 18:37:54,1167503795,l_nikeshin
1774983261,2026-03-31 21:54:21,8440882971,Ilnikeshin
